Latitude,Longitude,,,
-7.778419,110.266907,,,
-7.778398,110.267014,,,
-7.778396,110.267067,,,
-7.778385,110.267136,,,
-7.778389,110.267197,,,
-7.778397,110.267273,,,
-7.778384,110.267349,,,
-7.778383,110.267426,,,
-7.77838,110.267502,,,
-7.778389,110.26757,,,
-7.778377,110.267647,,,
-7.778374,110.267723,,,
-7.778396,110.267799,,,
-7.778399,110.267868,,,
-7.778391,110.26796,,,
-7.778402,110.268036,,,
-7.778407,110.268127,,,
-7.778394,110.268242,,,
-7.778385,110.268326,,,
-7.778384,110.268417,,,
-7.778386,110.268494,,,
-7.77838,110.268578,,,
-7.778381,110.268646,,,
-7.778388,110.268753,,,
-7.778381,110.268829,,,
-7.778371,110.268913,,,
-7.778368,110.26899,,,
-7.778344,110.269089,,,
-7.778348,110.269188,,,
-7.778347,110.269279,,,
-7.778339,110.269363,,,
-7.778346,110.269455,,,
-7.778359,110.269539,,,
-7.778366,110.269623,,,
-7.778379,110.269707,,,
-7.778386,110.269798,,,
-7.778405,110.26989,,,
-7.778433,110.269974,,,
-7.778516,110.270058,,,
-7.778538,110.270134,,,
-7.778563,110.270218,,,
-7.778589,110.270302,,,
-7.778611,110.270378,,,
-7.778641,110.270485,,,
-7.778662,110.270561,,,
-7.778685,110.270653,,,
-7.778705,110.270721,,,
-7.778724,110.27079,,,
-7.778749,110.270882,,,
-7.778773,110.270958,,,
-7.7788,110.271042,,,
-7.778827,110.271126,,,
-7.778855,110.271217,,,
-7.77888,110.271294,,,
-7.778907,110.271378,,,
-7.77893,110.271454,,,
-7.778959,110.271538,,,
-7.778988,110.271629,,,
-7.779013,110.271706,,,
-7.779044,110.271805,,,
-7.779078,110.271904,,,
-7.779102,110.27198,,,
-7.779132,110.272072,,,
-7.779159,110.272156,,,
-7.779194,110.272263,,,
-7.779225,110.272354,,,
-7.779261,110.272469,,,
-7.779295,110.272575,,,
-7.779328,110.272675,,,
-7.779362,110.272774,,,
-7.779388,110.272858,,,
-7.779426,110.272972,,,
-7.779451,110.273064,,,
-7.779484,110.273163,,,
-7.779516,110.273262,,,
-7.779554,110.273376,,,
-7.77959,110.273491,,,
-7.779622,110.27359,,,
-7.779651,110.273682,,,
-7.779682,110.273788,,,
-7.779711,110.27388,,,
-7.779736,110.273964,,,
-7.779765,110.274048,,,
-7.779796,110.274147,,,
-7.77983,110.274246,,,
-7.77986,110.27433,,,
-7.779892,110.274429,,,
-7.779923,110.274521,,,
-7.779948,110.274597,,,
-7.779982,110.274696,,,
-7.780012,110.274788,,,
-7.780045,110.274895,,,
-7.780076,110.274986,,,
-7.780103,110.27507,,,
-7.780138,110.275185,,,
-7.78017,110.275284,,,
-7.780202,110.275383,,,
-7.780238,110.275497,,,
-7.780268,110.275589,,,
-7.7803,110.275688,,,
-7.780333,110.275787,,,
-7.780369,110.275894,,,
-7.780404,110.275993,,,
-7.780442,110.276123,,,
-7.780478,110.276237,,,
-7.780509,110.276337,,,
-7.780543,110.276443,,,
-7.780573,110.276543,,,
-7.780602,110.276634,,,
-7.780631,110.276726,,,
-7.780659,110.276817,,,
-7.780691,110.276917,,,
-7.780722,110.277023,,,
-7.780752,110.277115,,,
-7.780785,110.277222,,,
-7.780818,110.277328,,,
-7.78085,110.277435,,,
-7.78088,110.277527,,,
-7.780911,110.277626,,,
-7.780939,110.277718,,,
-7.780962,110.277794,,,
-7.780988,110.277878,,,
-7.781011,110.277954,,,
-7.781038,110.278038,,,
-7.781069,110.278137,,,
-7.781107,110.278252,,,
-7.78114,110.278358,,,
-7.781171,110.27845,,,
-7.7812,110.278542,,,
-7.781228,110.278625,,,
-7.781257,110.278717,,,
-7.781282,110.278793,,,
-7.781308,110.278877,,,
-7.781336,110.278961,,,
-7.781365,110.279053,,,
-7.7814,110.27916,,,
-7.781431,110.279259,,,
-7.781449,110.279312,,,
-7.781475,110.279404,,,
-7.78149,110.279465,,,
-7.781512,110.279541,,,
-7.781539,110.279625,,,
-7.781568,110.279716,,,
-7.781597,110.2798,,,
-7.781615,110.279861,,,
-7.781647,110.279953,,,
-7.781675,110.280037,,,
-7.781705,110.280128,,,
-7.781733,110.280212,,,
-7.781755,110.280281,,,
-7.781785,110.280373,,,
-7.781808,110.280441,,,
-7.781837,110.280533,,,
-7.781857,110.280594,,,
-7.781879,110.28067,,,
-7.781905,110.280754,,,
-7.781919,110.2808,,,
-7.781935,110.280853,,,
-7.781958,110.28093,,,
-7.78197,110.280968,,,
-7.781983,110.281013,,,
-7.78199,110.281044,,,
-7.781998,110.281075,,,
-7.782003,110.28109,,,
-7.782008,110.281113,,,
-7.782014,110.281136,,,
-7.781857,110.28125,,,
-7.781808,110.281281,,,
-7.781727,110.281326,,,
-7.781673,110.281357,,,
-7.781576,110.281418,,,
-7.781475,110.281479,,,
-7.781394,110.281525,,,
-7.781306,110.281578,,,
-7.781218,110.281631,,,
-7.781124,110.281685,,,
-7.781029,110.281738,,,
-7.780931,110.281792,,,
-7.780838,110.281837,,,
-7.780741,110.281891,,,
-7.780628,110.281952,,,
-7.780536,110.282005,,,
-7.780447,110.282059,,,
-7.780354,110.282112,,,
-7.780259,110.282166,,,
-7.780162,110.282227,,,
-7.780062,110.282288,,,
-7.779977,110.282333,,,
-7.779881,110.282394,,,
-7.779781,110.282448,,,
-7.779668,110.282516,,,
-7.779566,110.282578,,,
-7.779449,110.282654,,,
-7.779349,110.282715,,,
-7.779243,110.282776,,,
-7.779141,110.282837,,,
-7.779041,110.282898,,,
-7.778937,110.282959,,,
-7.778833,110.28302,,,
-7.778748,110.283073,,,
-7.77865,110.283127,,,
-7.778547,110.283188,,,
-7.778448,110.283249,,,
-7.778341,110.283318,,,
-7.77825,110.283371,,,
-7.778156,110.283424,,,
-7.77806,110.283485,,,
-7.777961,110.283546,,,
-7.777864,110.2836,,,
-7.777771,110.283661,,,
-7.777665,110.283722,,,
-7.77758,110.283768,,,
-7.777469,110.283836,,,
-7.777353,110.283905,,,
-7.777215,110.283989,,,
-7.777143,110.284027,,,
-7.777042,110.284088,,,
-7.776957,110.284134,,,
-7.776867,110.284187,,,
-7.776768,110.284241,,,
-7.776666,110.284302,,,
-7.776562,110.284355,,,
-7.776458,110.284409,,,
-7.776361,110.284462,,,
-7.776262,110.284515,,,
-7.776175,110.284554,,,
-7.776082,110.284607,,,
-7.776006,110.284645,,,
-7.775916,110.284691,,,
-7.775842,110.284721,,,
-7.775784,110.284752,,,
-7.775722,110.284782,,,
-7.775668,110.284813,,,
-7.77562,110.284836,,,
-7.77557,110.284866,,,
-7.775537,110.284882,,,
-7.7755,110.284897,,,
-7.775454,110.28492,,,
-7.775402,110.28495,,,
-7.775359,110.284973,,,
-7.775311,110.284996,,,
-7.775278,110.285011,,,
-7.775237,110.285034,,,
-7.775207,110.285049,,,
-7.775161,110.28508,,,
-7.775107,110.285103,,,
-7.775045,110.285133,,,
-7.774995,110.285156,,,
-7.774963,110.285172,,,
-7.774791,110.285202,,,
-7.774717,110.28521,,,
-7.774645,110.285225,,,
-7.774559,110.285233,,,
-7.774486,110.285248,,,
-7.774398,110.285255,,,
-7.774326,110.285271,,,
-7.774242,110.285278,,,
-7.774149,110.285294,,,
-7.774066,110.285309,,,
-7.773989,110.285316,,,
-7.773904,110.285332,,,
-7.773806,110.285347,,,
-7.773713,110.285362,,,
-7.773631,110.28537,,,
-7.773533,110.285385,,,
-7.773448,110.2854,,,
-7.773364,110.285408,,,
-7.773312,110.285416,,,
-7.773279,110.285423,,,
-7.773186,110.285469,,,
-7.773129,110.285507,,,
-7.773066,110.285553,,,
-7.772985,110.285614,,,
-7.772924,110.28566,,,
-7.772861,110.285713,,,
-7.772795,110.285767,,,
-7.772744,110.28582,,,
-7.772688,110.285873,,,
-7.772623,110.285934,,,
-7.772565,110.285988,,,
-7.772494,110.286049,,,
-7.77243,110.28611,,,
-7.772361,110.286171,,,
-7.772281,110.286247,,,
-7.772211,110.286316,,,
-7.772151,110.286369,,,
-7.77209,110.286423,,,
-7.772021,110.286484,,,
-7.771958,110.28653,,,
-7.771888,110.286575,,,
-7.771811,110.286621,,,
-7.771732,110.286659,,,
-7.771651,110.286705,,,
-7.771578,110.286736,,,
-7.771485,110.286781,,,
-7.771399,110.286827,,,
-7.771296,110.286873,,,
-7.771207,110.286911,,,
-7.771128,110.286949,,,
-7.771059,110.28698,,,
-7.770983,110.287018,,,
-7.770909,110.287048,,,
-7.770809,110.287117,,,
-7.770749,110.287148,,,
-7.770677,110.287201,,,
-7.77062,110.287224,,,
-7.770564,110.287262,,,
-7.770511,110.287285,,,
-7.770427,110.287331,,,
-7.770373,110.287361,,,
-7.770319,110.287384,,,
-7.770293,110.287399,,,
-7.770226,110.28743,,,
-7.770173,110.28746,,,
-7.770101,110.287491,,,
-7.770041,110.287521,,,
-7.769963,110.28756,,,
-7.769894,110.28759,,,
-7.76982,110.287628,,,
-7.769752,110.287659,,,
-7.76968,110.287697,,,
-7.769615,110.287727,,,
-7.76953,110.287766,,,
-7.769462,110.287796,,,
-7.769399,110.287827,,,
-7.769469,110.287796,,,
-7.769284,110.287888,,,
-7.769225,110.28791,,,
-7.769171,110.287941,,,
-7.769123,110.287964,,,
-7.769097,110.287979,,,
-7.769052,110.288002,,,
-7.76901,110.288017,,,
-7.76895,110.288048,,,
-7.768882,110.288086,,,
-7.768823,110.288109,,,
-7.768764,110.288139,,,
-7.768699,110.28817,,,
-7.768628,110.288208,,,
-7.76856,110.288239,,,
-7.768501,110.288269,,,
-7.768443,110.2883,,,
-7.768373,110.288338,,,
-7.768321,110.288368,,,
-7.768274,110.288422,,,
-7.768219,110.28849,,,
-7.768182,110.288536,,,
-7.768147,110.288582,,,
-7.768113,110.288628,,,
-7.768066,110.288689,,,
-7.768022,110.28875,,,
-7.767999,110.28878,,,
-7.76796,110.288834,,,
-7.767913,110.288887,,,
-7.767861,110.288948,,,
-7.767812,110.289001,,,
-7.767765,110.289055,,,
-7.767648,110.289139,,,
-7.767589,110.289185,,,
-7.767533,110.289223,,,
-7.767472,110.289261,,,
-7.767426,110.289291,,,
-7.767365,110.289337,,,
-7.767305,110.289375,,,
-7.767253,110.289406,,,
-7.767177,110.289459,,,
-7.767117,110.289497,,,
-7.767041,110.289543,,,
-7.766977,110.289581,,,
-7.766913,110.289619,,,
-7.766855,110.28965,,,
-7.766796,110.289688,,,
-7.766747,110.289719,,,
-7.766715,110.289734,,,
-7.766681,110.289757,,,
-7.766646,110.28978,,,
-7.76661,110.289795,,,
-7.766582,110.28981,,,
-7.766561,110.289825,,,
-7.766534,110.289841,,,
-7.766515,110.289848,,,
-7.766474,110.289871,,,
-7.766438,110.289886,,,
-7.766407,110.289902,,,
-7.766369,110.289925,,,
-7.76633,110.289948,,,
-7.766228,110.289986,,,
-7.76618,110.290009,,,
-7.766084,110.290047,,,
-7.766025,110.29007,,,
-7.765946,110.2901,,,
-7.765869,110.290131,,,
-7.765783,110.290169,,,
-7.765705,110.290199,,,
-7.765619,110.29023,,,
-7.765559,110.29026,,,
-7.765495,110.290283,,,
-7.765444,110.290306,,,
-7.765367,110.290329,,,
-7.765303,110.290352,,,
-7.765244,110.290367,,,
-7.765172,110.29039,,,
-7.765103,110.290413,,,
-7.765026,110.290436,,,
-7.764949,110.290451,,,
-7.764884,110.290474,,,
-7.764813,110.290489,,,
-7.764743,110.290504,,,
-7.764652,110.290527,,,
-7.764577,110.290543,,,
-7.764441,110.290558,,,
-7.764347,110.290565,,,
-7.764261,110.290573,,,
-7.764157,110.290581,,,
-7.764066,110.290588,,,
-7.763968,110.290596,,,
-7.763894,110.290604,,,
-7.763807,110.290611,,,
-7.763714,110.290619,,,
-7.763619,110.290627,,,
-7.763515,110.290642,,,
-7.763435,110.290649,,,
-7.763382,110.290657,,,
-7.763329,110.290665,,,
-7.763221,110.290688,,,
-7.763155,110.290703,,,
-7.763083,110.29071,,,
-7.763023,110.290726,,,
-7.762858,110.290787,,,
-7.762789,110.29081,,,
-7.762711,110.290848,,,
-7.762631,110.290878,,,
-7.762537,110.290916,,,
-7.762432,110.290962,,,
-7.762341,110.291008,,,
-7.76225,110.291046,,,
-7.762142,110.2911,,,
-7.762115,110.291115,,,
-7.761942,110.291206,,,
-7.761847,110.291245,,,
-7.761745,110.29129,,,
-7.761642,110.291336,,,
-7.76154,110.291321,,,
-7.76144,110.291389,,,
-7.761364,110.29142,,,
-7.761305,110.291458,,,
-7.761255,110.291466,,,
-7.761212,110.291481,,,
-7.76118,110.291489,,,
-7.761146,110.291489,,,
-7.761082,110.291481,,,
-7.761061,110.291466,,,
-7.761028,110.291481,,,
-7.76099,110.291496,,,
-7.760927,110.29155,,,
-7.760875,110.29158,,,
-7.760824,110.291588,,,
-7.76078,110.291603,,,
-7.760738,110.291626,,,
-7.760613,110.291664,,,
-7.760547,110.291702,,,
-7.760472,110.291725,,,
-7.760385,110.29174,,,
-7.760292,110.291779,,,
-7.760205,110.291809,,,
-7.760105,110.29184,,,
-7.760016,110.29187,,,
-7.759937,110.291901,,,
-7.759843,110.291924,,,
-7.759762,110.291946,,,
-7.759674,110.291977,,,
-7.759577,110.292015,,,
-7.759489,110.292046,,,
-7.759396,110.292076,,,
-7.759295,110.292107,,,
-7.759201,110.29213,,,
-7.759107,110.292152,,,
-7.759027,110.292183,,,
-7.758945,110.292213,,,
-7.758865,110.292244,,,
-7.758779,110.292274,,,
-7.758691,110.292305,,,
-7.758604,110.292328,,,
-7.758502,110.292351,,,
-7.758424,110.292389,,,
-7.758338,110.292427,,,
-7.758264,110.29245,,,
-7.75818,110.292473,,,
-7.758095,110.292488,,,
-7.757998,110.292519,,,
-7.757903,110.292542,,,
-7.757809,110.29258,,,
-7.757719,110.292595,,,
-7.757629,110.292618,,,
-7.757526,110.292641,,,
-7.757422,110.292694,,,
-7.757331,110.292725,,,
-7.757245,110.292763,,,
-7.757155,110.292793,,,
-7.757049,110.292801,,,
-7.756976,110.292824,,,
-7.756888,110.292854,,,
-7.756782,110.292892,,,
-7.756691,110.292915,,,
-7.756605,110.292931,,,
-7.756515,110.292946,,,
-7.756399,110.292969,,,
-7.756298,110.292992,,,
-7.756182,110.292999,,,
-7.756058,110.293007,,,
-7.755946,110.293022,,,
-7.75584,110.293045,,,
-7.755709,110.293068,,,
-7.75561,110.293091,,,
-7.755491,110.293114,,,
-7.755373,110.293114,,,
-7.755256,110.293121,,,
-7.755147,110.293144,,,
-7.755021,110.293144,,,
-7.754901,110.293159,,,
-7.754784,110.293167,,,
-7.754661,110.293175,,,
-7.75454,110.293182,,,
-7.754429,110.29319,,,
-7.754314,110.293198,,,
-7.754241,110.293182,,,
-7.754133,110.293175,,,
-7.75401,110.293205,,,
-7.753858,110.293221,,,
-7.75376,110.293221,,,
-7.753701,110.293228,,,
-7.753629,110.293274,,,
-7.753555,110.29332,,,
-7.753482,110.293304,,,
-7.753369,110.293312,,,
-7.75322,110.293335,,,
-7.75309,110.29332,,,
-7.75295,110.293327,,,
-7.752824,110.293297,,,
-7.75271,110.293304,,,
-7.752586,110.293304,,,
-7.752467,110.293312,,,
-7.752352,110.29332,,,
-7.752246,110.293327,,,
-7.752134,110.293335,,,
-7.752024,110.293343,,,
-7.751889,110.29335,,,
-7.751792,110.293358,,,
-7.751683,110.293358,,,
-7.751568,110.293365,,,
-7.751437,110.293373,,,
-7.751328,110.293381,,,
-7.751216,110.293388,,,
-7.751106,110.293388,,,
-7.750997,110.293396,,,
-7.750891,110.293404,,,
-7.750793,110.293411,,,
-7.750696,110.293419,,,
-7.750593,110.293419,,,
-7.750543,110.293427,,,
-7.750397,110.293434,,,
-7.750305,110.293434,,,
-7.750213,110.293442,,,
-7.750113,110.293449,,,
-7.75001,110.293457,,,
-7.749903,110.293465,,,
-7.749772,110.293472,,,
-7.749671,110.293472,,,
-7.749567,110.29348,,,
-7.749475,110.293488,,,
-7.749389,110.293495,,,
-7.749294,110.293503,,,
-7.749203,110.293503,,,
-7.749097,110.29351,,,
-7.749064,110.29351,,,
-7.748867,110.293526,,,
-7.748757,110.293533,,,
-7.748653,110.293541,,,
-7.748556,110.293549,,,
-7.748445,110.293556,,,
-7.748349,110.293556,,,
-7.748233,110.293564,,,
-7.748125,110.293564,,,
-7.748019,110.293571,,,
-7.747911,110.293579,,,
-7.747858,110.293579,,,
-7.747676,110.293587,,,
-7.747561,110.293594,,,
-7.747449,110.293602,,,
-7.747335,110.29361,,,
-7.74722,110.293617,,,
-7.747104,110.293617,,,
-7.746987,110.293625,,,
-7.746863,110.293633,,,
-7.746751,110.293633,,,
-7.746639,110.29364,,,
-7.746552,110.293648,,,
-7.746436,110.293655,,,
-7.746327,110.293663,,,
-7.746188,110.293678,,,
-7.746073,110.293686,,,
-7.74598,110.293694,,,
-7.745859,110.293701,,,
-7.745732,110.293716,,,
-7.7457,110.293716,,,
-7.745523,110.293777,,,
-7.74542,110.293839,,,
-7.745318,110.293892,,,
-7.745237,110.293938,,,
-7.74515,110.293991,,,
-7.745062,110.294037,,,
-7.744984,110.294083,,,
-7.744903,110.294136,,,
-7.744811,110.294189,,,
-7.744716,110.294243,,,
-7.744616,110.294304,,,
-7.744525,110.294365,,,
-7.744443,110.294418,,,
-7.744357,110.294472,,,
-7.744267,110.294525,,,
-7.744173,110.294586,,,
-7.744073,110.29464,,,
-7.743974,110.294701,,,
-7.743849,110.294785,,,
-7.743749,110.294853,,,
-7.743655,110.294914,,,
-7.743545,110.294991,,,
-7.743435,110.295059,,,
-7.743333,110.295113,,,
-7.743258,110.295189,,,
-7.743188,110.295235,,,
-7.743093,110.295296,,,
-7.743007,110.295357,,,
-7.742894,110.295425,,,
-7.742795,110.295494,,,
-7.74268,110.29557,,,
-7.7426,110.295616,,,
-7.742526,110.29567,,,
-7.742434,110.295731,,,
-7.742353,110.295784,,,
-7.742262,110.295845,,,
-7.742162,110.295906,,,
-7.742072,110.295967,,,
-7.741976,110.296028,,,
-7.741888,110.296089,,,
-7.741788,110.296158,,,
-7.741688,110.296227,,,
-7.741592,110.296288,,,
-7.741504,110.296349,,,
-7.741411,110.29641,,,
-7.741323,110.296471,,,
-7.741232,110.296532,,,
-7.741159,110.296585,,,
-7.741071,110.296646,,,
-7.740984,110.2967,,,
-7.740917,110.296745,,,
-7.740834,110.296806,,,
-7.740733,110.296867,,,
-7.740641,110.296936,,,
-7.740571,110.296982,,,
-7.740485,110.297043,,,
-7.740425,110.297081,,,
-7.740334,110.297142,,,
-7.740255,110.297195,,,
-7.740167,110.297249,,,
-7.740085,110.29731,,,
-7.74001,110.297356,,,
-7.739928,110.297409,,,
-7.739855,110.297462,,,
-7.739794,110.297501,,,
-7.739736,110.297539,,,
-7.739691,110.297569,,,
-7.739628,110.297607,,,
-7.739581,110.297638,,,
-7.739542,110.297668,,,
-7.739496,110.297699,,,
-7.739336,110.297798,,,
-7.739278,110.297836,,,
-7.739208,110.297882,,,
-7.739146,110.297928,,,
-7.739078,110.297974,,,
-7.738989,110.298035,,,
-7.738924,110.298073,,,
-7.738847,110.298126,,,
-7.738761,110.298187,,,
-7.738684,110.298233,,,
-7.738602,110.298286,,,
-7.738525,110.29834,,,
-7.738455,110.298386,,,
-7.738395,110.298424,,,
-7.738311,110.298485,,,
-7.738251,110.298531,,,
-7.738185,110.298584,,,
-7.73812,110.29863,,,
-7.738041,110.298691,,,
-7.737976,110.298737,,,
-7.737926,110.298775,,,
-7.737843,110.298836,,,
-7.737803,110.298866,,,
-7.73769,110.29895,,,
-7.737608,110.299019,,,
-7.737537,110.299072,,,
-7.737458,110.299133,,,
-7.737369,110.299194,,,
-7.737295,110.299263,,,
-7.737208,110.299324,,,
-7.737127,110.299393,,,
-7.737038,110.299454,,,
-7.736945,110.299522,,,
-7.736861,110.299583,,,
-7.736769,110.299652,,,
-7.736668,110.299721,,,
-7.736569,110.299797,,,
-7.736477,110.299866,,,
-7.73634,110.299973,,,
-7.736255,110.300034,,,
-7.736172,110.300095,,,
-7.736089,110.300163,,,
-7.735993,110.300232,,,
-7.735926,110.300285,,,
-7.735835,110.300354,,,
-7.735749,110.300415,,,
-7.735665,110.300484,,,
-7.735588,110.300537,,,
-7.735507,110.300598,,,
-7.735432,110.300659,,,
-7.735336,110.300728,,,
-7.735241,110.300804,,,
-7.735112,110.300903,,,
-7.735043,110.300957,,,
-7.734954,110.301025,,,
-7.734866,110.301094,,,
-7.734779,110.301155,,,
-7.734756,110.301178,,,
-7.73466,110.301254,,,
-7.734581,110.301323,,,
-7.734512,110.301376,,,
-7.734424,110.301445,,,
-7.734334,110.301521,,,
-7.734248,110.301582,,,
-7.734172,110.301643,,,
-7.734106,110.301697,,,
-7.734027,110.301758,,,
-7.733922,110.301842,,,
-7.733839,110.301903,,,
-7.733755,110.301971,,,
-7.733662,110.302048,,,
-7.733583,110.302109,,,
-7.733498,110.30217,,,
-7.733405,110.302246,,,
-7.733301,110.30233,,,
-7.733215,110.302391,,,
-7.733129,110.302452,,,
-7.733029,110.302521,,,
-7.732931,110.302597,,,
-7.73283,110.302666,,,
-7.732749,110.302727,,,
-7.732653,110.302795,,,
-7.732559,110.302856,,,
-7.732474,110.302925,,,
-7.732376,110.303001,,,
-7.732341,110.303024,,,
-7.732178,110.303154,,,
-7.732085,110.303223,,,
-7.731992,110.303291,,,
-7.731889,110.303368,,,
-7.731796,110.303436,,,
-7.731702,110.303505,,,
-7.731609,110.303574,,,
-7.731514,110.30365,,,
-7.731405,110.303726,,,
-7.731306,110.303802,,,
-7.731209,110.303871,,,
-7.73112,110.30394,,,
-7.731023,110.304024,,,
-7.730937,110.304092,,,
-7.730869,110.304146,,,
-7.73075,110.30423,,,
-7.73065,110.304306,,,
-7.730545,110.30439,,,
-7.730459,110.304451,,,
-7.730371,110.30452,,,
-7.73027,110.304604,,,
-7.73016,110.304688,,,
-7.730052,110.304764,,,
-7.72995,110.304848,,,
-7.729851,110.304916,,,
-7.729764,110.304985,,,
-7.729667,110.305061,,,
-7.729572,110.30513,,,
-7.729473,110.305206,,,
-7.729363,110.30529,,,
-7.729267,110.305359,,,
-7.729165,110.305435,,,
-7.729063,110.305511,,,
-7.728964,110.305588,,,
-7.728872,110.305656,,,
-7.728778,110.305725,,,
-7.728681,110.305794,,,
-7.728573,110.30587,,,
-7.728469,110.305946,,,
-7.72836,110.30603,,,
-7.728253,110.306107,,,
-7.728145,110.306183,,,
-7.728028,110.306252,,,
-7.727938,110.306313,,,
-7.727845,110.306366,,,
-7.72775,110.306427,,,
-7.72765,110.306488,,,
-7.727543,110.306541,,,
-7.72748,110.30658,,,
-7.727326,110.306625,,,
-7.727215,110.306664,,,
-7.727084,110.306709,,,
-7.727005,110.306732,,,
-7.726893,110.30677,,,
-7.726758,110.306816,,,
-7.726648,110.306854,,,
-7.726504,110.3069,,,
-7.726382,110.306938,,,
-7.726271,110.306976,,,
-7.726151,110.307014,,,
-7.726013,110.307053,,,
-7.725874,110.307098,,,
-7.725747,110.307137,,,
-7.725629,110.307175,,,
-7.725515,110.307213,,,
-7.7254,110.307251,,,
-7.725277,110.307289,,,
-7.725134,110.307327,,,
-7.725005,110.307365,,,
-7.724868,110.307411,,,
-7.724738,110.307449,,,
-7.724616,110.307495,,,
-7.724484,110.307533,,,
-7.724345,110.307579,,,
-7.724216,110.307625,,,
-7.724045,110.307678,,,
-7.723972,110.307701,,,
-7.723865,110.307739,,,
-7.723731,110.307777,,,
-7.723626,110.307808,,,
-7.723514,110.307846,,,
-7.723429,110.307869,,,
-7.723327,110.307907,,,
-7.72322,110.307938,,,
-7.723149,110.307961,,,
-7.723069,110.307983,,,
-7.722989,110.308014,,,
-7.722898,110.308037,,,
-7.722809,110.308067,,,
-7.72272,110.308098,,,
-7.722661,110.308113,,,
-7.72261,110.308128,,,
-7.722573,110.308144,,,
-7.72255,110.308151,,,
-7.722513,110.308159,,,
-7.722495,110.308167,,,
-7.722476,110.308174,,,
-7.722531,110.308357,,,
-7.722556,110.308395,,,
-7.722601,110.308487,,,
-7.722641,110.308563,,,
-7.722687,110.308655,,,
-7.722723,110.308723,,,
-7.722763,110.308807,,,
-7.722806,110.308891,,,
-7.722849,110.308975,,,
-7.722888,110.309059,,,
-7.722912,110.309105,,,
-7.722943,110.309166,,,
-7.722974,110.309227,,,
-7.723006,110.309296,,,
-7.723033,110.309349,,,
-7.723061,110.309402,,,
-7.723089,110.309456,,,
-7.723115,110.309509,,,
-7.723142,110.309563,,,
-7.723169,110.309624,,,
-7.723186,110.309654,,,
-7.723197,110.309677,,,
-7.723268,110.30983,,,
-7.723286,110.309868,,,
-7.723405,110.310013,,,
-7.723454,110.310066,,,
-7.723492,110.310104,,,
-7.723552,110.310173,,,
-7.723592,110.310219,,,
-7.723645,110.310272,,,
-7.723699,110.310333,,,
-7.723767,110.310417,,,
-7.72382,110.310501,,,
-7.723884,110.310631,,,
-7.723915,110.310692,,,
-7.723948,110.31076,,,
-7.72398,110.310837,,,
-7.724012,110.310905,,,
-7.724038,110.310966,,,
-7.724081,110.311066,,,
-7.724123,110.311165,,,
-7.724161,110.311256,,,
-7.724194,110.311333,,,
-7.724234,110.311432,,,
-7.724277,110.311539,,,
-7.724316,110.31163,,,
-7.724359,110.311737,,,
-7.724415,110.311874,,,
-7.724463,110.311996,,,
-7.724527,110.312119,,,
-7.724581,110.312202,,,
-7.724622,110.312256,,,
-7.724677,110.31234,,,
-7.724746,110.312447,,,
-7.724761,110.312569,,,
-7.724807,110.312698,,,
-7.724842,110.312798,,,
-7.724853,110.312874,,,
-7.72488,110.312988,,,
-7.724936,110.313087,,,
-7.724992,110.313179,,,
-7.725051,110.313278,,,
-7.72511,110.31337,,,
-7.725152,110.313423,,,
-7.72525,110.313538,,,
-7.725325,110.313614,,,
-7.725403,110.31369,,,
-7.725483,110.313774,,,
-7.725554,110.313843,,,
-7.725612,110.313904,,,
-7.725701,110.314072,,,
-7.725725,110.314156,,,
-7.725744,110.31424,,,
-7.725756,110.314301,,,
-7.725771,110.314377,,,
-7.725789,110.314468,,,
-7.725807,110.31456,,,
-7.725827,110.314674,,,
-7.725843,110.314758,,,
-7.725859,110.314835,,,
-7.725877,110.314934,,,
-7.725893,110.315018,,,
-7.725913,110.315132,,,
-7.725926,110.315224,,,
-7.725939,110.315315,,,
-7.72595,110.315407,,,
-7.725961,110.315498,,,
-7.725971,110.31559,,,
-7.725987,110.315689,,,
-7.726005,110.315781,,,
-7.726023,110.31588,,,
-7.726041,110.315971,,,
-7.726058,110.316055,,,
-7.726079,110.316162,,,
-7.726099,110.316261,,,
-7.726117,110.316353,,,
-7.726139,110.316452,,,
-7.72616,110.316559,,,
-7.726182,110.316666,,,
-7.726203,110.316765,,,
-7.726224,110.316864,,,
-7.72624,110.31694,,,
-7.72625,110.316994,,,
-7.726267,110.317078,,,
-7.726285,110.317162,,,
-7.726319,110.317253,,,
-7.726352,110.317314,,,
-7.726381,110.317375,,,
-7.726418,110.317444,,,
-7.726445,110.31749,,,
-7.726489,110.317574,,,
-7.726517,110.317627,,,
-7.726537,110.317665,,,
-7.726563,110.317719,,,
-7.726585,110.317757,,,
-7.726609,110.317802,,,
-7.726654,110.317848,,,
-7.72672,110.317871,,,
-7.726812,110.317894,,,
-7.726926,110.317894,,,
-7.727021,110.317886,,,
-7.72711,110.317871,,,
-7.727174,110.317856,,,
-7.727246,110.317841,,,
-7.727323,110.31781,,,
-7.727406,110.317787,,,
-7.72748,110.317764,,,
-7.727556,110.317741,,,
-7.727636,110.317711,,,
-7.727712,110.317688,,,
-7.72778,110.317665,,,
-7.727851,110.317642,,,
-7.727929,110.317619,,,
-7.728032,110.317581,,,
-7.728091,110.317566,,,
-7.728179,110.317535,,,
-7.728251,110.317513,,,
-7.728324,110.31749,,,
-7.728404,110.317459,,,
-7.728446,110.317444,,,
-7.728512,110.317421,,,
-7.72858,110.317406,,,
-7.728648,110.317383,,,
-7.728713,110.31736,,,
-7.728782,110.317337,,,
-7.728854,110.317314,,,
-7.728926,110.317291,,,
-7.728994,110.317268,,,
-7.729043,110.317245,,,
-7.729102,110.31723,,,
-7.72917,110.317207,,,
-7.729228,110.317192,,,
-7.729283,110.317169,,,
-7.729323,110.317162,,,
-7.729377,110.317154,,,
-7.729436,110.317162,,,
-7.729494,110.317169,,,
-7.729537,110.317177,,,
-7.729561,110.317184,,,
-7.729578,110.317192,,,
-7.729637,110.317215,,,
-7.729657,110.317223,,,
-7.729715,110.317253,,,
-7.729769,110.317276,,,
-7.729834,110.317307,,,
-7.729887,110.317329,,,
-7.730004,110.317459,,,
-7.730054,110.317513,,,
-7.730106,110.317566,,,
-7.730161,110.317627,,,
-7.730207,110.31768,,,
-7.730254,110.317741,,,
-7.730303,110.317802,,,
-7.730342,110.317856,,,
-7.730384,110.317909,,,
-7.73043,110.31797,,,
-7.730461,110.318008,,,
-7.730517,110.318077,,,
-7.730535,110.3181,,,
-7.730672,110.31826,,,
-7.73068,110.318275,,,
-7.730761,110.318382,,,
-7.73081,110.318451,,,
-7.730863,110.318527,,,
-7.730902,110.318581,,,
-7.730933,110.318626,,,
-7.730972,110.31868,,,
-7.731006,110.318726,,,
-7.731044,110.318771,,,
-7.731081,110.318817,,,
-7.731119,110.318863,,,
-7.731161,110.318924,,,
-7.7312,110.31897,,,
-7.731239,110.319023,,,
-7.731278,110.319092,,,
-7.731316,110.31916,,,
-7.731347,110.319229,,,
-7.731364,110.31929,,,
-7.731376,110.319336,,,
-7.731385,110.319374,,,
-7.731396,110.319435,,,
-7.731408,110.319496,,,
-7.731415,110.319542,,,
-7.731423,110.31958,,,
-7.731431,110.319626,,,
-7.731438,110.319664,,,
-7.731446,110.31971,,,
-7.731451,110.319733,,,
-7.731459,110.319778,,,
-7.731467,110.319824,,,
-7.731474,110.319862,,,
-7.731482,110.319901,,,
-7.731487,110.319939,,,
-7.731492,110.319962,,,
-7.731499,110.32,,,
-7.731508,110.320045,,,
-7.731516,110.320091,,,
-7.731522,110.320152,,,
-7.731527,110.320198,,,
-7.731584,110.320251,,,
-7.73159,110.320312,,,
-7.7316,110.320381,,,
-7.731588,110.320442,,,
-7.731573,110.320511,,,
-7.731569,110.320572,,,
-7.731602,110.320602,,,
-7.731561,110.320671,,,
-7.731565,110.320732,,,
-7.731572,110.320801,,,
-7.731579,110.320862,,,
-7.731587,110.320923,,,
-7.731617,110.321106,,,
-7.731631,110.321182,,,
-7.73164,110.321236,,,
-7.731651,110.321304,,,
-7.73166,110.321358,,,
-7.73167,110.321419,,,
-7.731679,110.321487,,,
-7.731687,110.321564,,,
-7.731692,110.321617,,,
-7.731697,110.321671,,,
-7.7317,110.321716,,,
-7.731706,110.32177,,,
-7.731709,110.321808,,,
-7.731714,110.321869,,,
-7.731719,110.321915,,,
-7.731723,110.32196,,,
-7.731727,110.321999,,,
-7.731733,110.322052,,,
-7.731739,110.322105,,,
-7.731743,110.322144,,,
-7.731746,110.322174,,,
-7.731747,110.322197,,,
-7.731752,110.32225,,,
-7.731759,110.322327,,,
-7.731767,110.322418,,,
-7.731774,110.322502,,,
-7.73178,110.322578,,,
-7.731784,110.322639,,,
-7.731788,110.322701,,,
-7.731792,110.322784,,,
-7.731795,110.322845,,,
-7.731797,110.322922,,,
-7.731799,110.323013,,,
-7.7318,110.323097,,,
-7.731802,110.323181,,,
-7.731803,110.323257,,,
-7.731803,110.323318,,,
-7.731804,110.323395,,,
-7.731804,110.323456,,,
-7.731805,110.323547,,,
-7.731806,110.323624,,,
-7.731806,110.323708,,,
-7.731807,110.323776,,,
-7.731805,110.323868,,,
-7.731803,110.323936,,,
-7.731802,110.324013,,,
-7.731801,110.324059,,,
-7.731798,110.32412,,,
-7.731796,110.324181,,,
-7.731794,110.324234,,,
-7.731792,110.324287,,,
-7.73179,110.324341,,,
-7.731787,110.324409,,,
-7.731784,110.324486,,,
-7.731781,110.324577,,,
-7.731781,110.324608,,,
-7.731784,110.324684,,,
-7.731796,110.324768,,,
-7.73181,110.324837,,,
-7.731824,110.324898,,,
-7.731839,110.324959,,,
-7.73186,110.325043,,,
-7.731878,110.325119,,,
-7.731894,110.325188,,,
-7.731916,110.325264,,,
-7.731942,110.325348,,,
-7.73197,110.325439,,,
-7.731996,110.325516,,,
-7.732025,110.3256,,,
-7.732035,110.32563,,,
-7.732069,110.325729,,,
-7.732093,110.325798,,,
-7.732114,110.325867,,,
-7.732124,110.325897,,,
-7.732134,110.325928,,,
-7.732143,110.325951,,,
-7.732152,110.325974,,,
-7.732169,110.326027,,,
-7.732177,110.32605,,,
-7.732203,110.326126,,,
-7.732217,110.326172,,,
-7.73223,110.32621,,,
-7.732245,110.326256,,,
-7.732266,110.326317,,,
-7.732282,110.326363,,,
-7.732298,110.326408,,,
-7.732314,110.326462,,,
-7.732373,110.326645,,,
-7.732394,110.326714,,,
-7.732416,110.326782,,,
-7.732437,110.326851,,,
-7.732459,110.32692,,,
-7.732477,110.326981,,,
-7.732495,110.327042,,,
-7.732512,110.327095,,,
-7.73253,110.327156,,,
-7.732545,110.327202,,,
-7.732563,110.327263,,,
-7.732474,110.327469,,,
-7.732378,110.327545,,,
-7.732284,110.327614,,,
-7.732222,110.327652,,,
-7.732158,110.327698,,,
-7.732098,110.327736,,,
-7.732015,110.327797,,,
-7.73195,110.327843,,,
-7.731859,110.327904,,,
-7.731764,110.327957,,,
-7.731682,110.328003,,,
-7.731589,110.328056,,,
-7.731469,110.328125,,,
-7.73139,110.328171,,,
-7.731305,110.328224,,,
-7.731229,110.328262,,,
-7.731151,110.328308,,,
-7.731066,110.328362,,,
-7.730967,110.328415,,,
-7.730881,110.328461,,,
-7.730784,110.328514,,,
-7.730682,110.328575,,,
-7.730596,110.328629,,,
-7.730505,110.328682,,,
-7.730404,110.328743,,,
-7.730301,110.328804,,,
-7.730223,110.32885,,,
-7.730139,110.328903,,,
-7.730071,110.328949,,,
-7.729991,110.328964,,,
-7.729928,110.32901,,,
-7.729882,110.329063,,,
-7.729847,110.329124,,,
-7.729813,110.329185,,,
-7.729792,110.329247,,,
-7.729767,110.329308,,,
-7.729734,110.329361,,,
-7.729739,110.329391,,,
-7.729759,110.32943,,,
-7.729885,110.329468,,,
-7.729949,110.329544,,,
-7.730011,110.329605,,,
-7.730059,110.329651,,,
-7.730115,110.329689,,,
-7.730191,110.32972,,,
-7.73029,110.32972,,,
-7.730363,110.329765,,,
-7.730416,110.329803,,,
-7.730467,110.329834,,,
-7.730522,110.329872,,,
-7.730579,110.329918,,,
-7.730622,110.329948,,,
-7.730669,110.329987,,,
-7.730705,110.330009,,,
-7.730727,110.330032,,,
-7.730782,110.330116,,,
-7.730801,110.330154,,,
-7.730824,110.330208,,,
-7.730836,110.330238,,,
-7.730853,110.330276,,,
-7.730869,110.330322,,,
-7.730884,110.33036,,,
-7.730903,110.330414,,,
-7.730923,110.330467,,,
-7.730941,110.330513,,,
-7.730961,110.330566,,,
-7.730984,110.330627,,,
-7.731,110.330673,,,
-7.731014,110.330704,,,
-7.731027,110.330742,,,
-7.731036,110.330765,,,
-7.731049,110.330795,,,
-7.731061,110.330833,,,
-7.731071,110.330856,,,
-7.73108,110.330879,,,
-7.731088,110.330902,,,
-7.7311,110.330933,,,
-7.731168,110.331116,,,
-7.73118,110.331146,,,
-7.731191,110.331177,,,
-7.731201,110.331207,,,
-7.73121,110.33123,,,
-7.731218,110.331253,,,
-7.731225,110.331268,,,
-7.731232,110.331284,,,
-7.731247,110.331329,,,
-7.731256,110.331352,,,
-7.731263,110.331367,,,
-7.731273,110.331398,,,
-7.731283,110.331429,,,
-7.731293,110.331451,,,
-7.731306,110.33149,,,
-7.731319,110.331528,,,
-7.731331,110.331558,,,
-7.731346,110.331604,,,
-7.731362,110.33165,,,
-7.73138,110.331696,,,
-7.731398,110.331741,,,
-7.731415,110.331795,,,
-7.731444,110.331871,,,
-7.731466,110.331924,,,
-7.731485,110.331978,,,
-7.731532,110.332138,,,
-7.731545,110.332191,,,
-7.731553,110.332214,,,
-7.731564,110.33226,,,
-7.731581,110.332329,,,
-7.731601,110.332397,,,
-7.731616,110.332458,,,
-7.731628,110.332504,,,
-7.731643,110.332558,,,
-7.731663,110.332634,,,
-7.73168,110.332703,,,
-7.731703,110.332787,,,
-7.73172,110.332855,,,
-7.73174,110.332932,,,
-7.73176,110.333,,,
-7.731777,110.333069,,,
-7.731803,110.333168,,,
-7.731826,110.333252,,,
-7.73185,110.333344,,,
-7.731875,110.333443,,,
-7.731899,110.333534,,,
-7.731926,110.333633,,,
-7.731949,110.333725,,,
-7.731971,110.333809,,,
-7.731998,110.333893,,,
-7.73203,110.333984,,,
-7.732059,110.334061,,,
-7.732087,110.334137,,,
-7.732121,110.334221,,,
-7.732164,110.33432,,,
-7.732207,110.334427,,,
-7.732243,110.334511,,,
-7.73228,110.334602,,,
-7.732315,110.334694,,,
-7.732349,110.33477,,,
-7.732391,110.334877,,,
-7.732425,110.334961,,,
-7.732461,110.335045,,,
-7.732513,110.335175,,,
-7.732526,110.335205,,,
-7.732549,110.335258,,,
-7.732586,110.335342,,,
-7.732633,110.335449,,,
-7.732671,110.335541,,,
-7.732705,110.335625,,,
-7.732734,110.335701,,,
-7.73276,110.335762,,,
-7.732786,110.335831,,,
-7.732838,110.335968,,,
-7.732882,110.336075,,,
-7.732923,110.336174,,,
-7.732964,110.336266,,,
-7.733009,110.336372,,,
-7.733048,110.336464,,,
-7.733082,110.336548,,,
-7.733125,110.336647,,,
-7.733156,110.336716,,,
-7.733185,110.336784,,,
-7.733216,110.336861,,,
-7.733244,110.336929,,,
-7.73327,110.336983,,,
-7.733287,110.337029,,,
-7.733313,110.337082,,,
-7.733334,110.337135,,,
-7.733351,110.337173,,,
-7.733379,110.337242,,,
-7.733402,110.337296,,,
-7.733416,110.337334,,,
-7.733444,110.337395,,,
-7.733469,110.337456,,,
-7.733497,110.337524,,,
-7.733527,110.337593,,,
-7.733556,110.337662,,,
-7.733585,110.33773,,,
-7.733619,110.337814,,,
-7.73365,110.337891,,,
-7.733674,110.337952,,,
-7.733698,110.338013,,,
-7.73373,110.338089,,,
-7.733755,110.33815,,,
-7.733771,110.338188,,,
-7.733792,110.338242,,,
-7.733814,110.338295,,,
-7.733831,110.338341,,,
-7.73385,110.338387,,,
-7.733871,110.33844,,,
-7.733891,110.338486,,,
-7.73396,110.338661,,,
-7.73398,110.338715,,,
-7.734,110.338768,,,
-7.73403,110.338829,,,
-7.734052,110.33889,,,
-7.734066,110.338943,,,
-7.734081,110.339005,,,
-7.734101,110.339081,,,
-7.734118,110.339149,,,
-7.734127,110.339211,,,
-7.734135,110.339272,,,
-7.734144,110.33934,,,
-7.734155,110.339417,,,
-7.734169,110.3395,,,
-7.734184,110.339584,,,
-7.734201,110.339684,,,
-7.734213,110.339752,,,
-7.734228,110.339844,,,
-7.734247,110.339973,,,
-7.734262,110.340057,,,
-7.734279,110.340157,,,
-7.734294,110.34024,,,
-7.73431,110.340324,,,
-7.734331,110.340446,,,
-7.734346,110.340538,,,
-7.734357,110.340614,,,
-7.734369,110.340698,,,
-7.734388,110.340813,,,
-7.734399,110.340874,,,
-7.734416,110.340973,,,
-7.734428,110.341049,,,
-7.734441,110.341125,,,
-7.734458,110.341225,,,
-7.734466,110.34127,,,
-7.734489,110.341431,,,
-7.734504,110.341537,,,
-7.734517,110.341629,,,
-7.734529,110.341705,,,
-7.734544,110.34182,,,
-7.73456,110.341934,,,
-7.734575,110.342033,,,
-7.734589,110.342133,,,
-7.734601,110.342216,,,
-7.734618,110.342331,,,
-7.734633,110.342422,,,
-7.73465,110.342522,,,
-7.734666,110.342613,,,
-7.734684,110.34272,,,
-7.734705,110.342842,,,
-7.734722,110.342934,,,
-7.734736,110.343018,,,
-7.734754,110.343117,,,
-7.73477,110.343216,,,
-7.734789,110.343323,,,
-7.734808,110.343437,,,
-7.734816,110.343483,,,
-7.734828,110.343559,,,
-7.734838,110.34362,,,
-7.734854,110.343719,,,
-7.734869,110.343811,,,
-7.734879,110.343872,,,
-7.734885,110.343918,,,
-7.734902,110.344025,,,
-7.734914,110.344093,,,
-7.734923,110.344154,,,
-7.734933,110.344215,,,
-7.734941,110.344261,,,
-7.734951,110.344322,,,
-7.734956,110.34436,,,
-7.734964,110.344406,,,
-7.734973,110.344467,,,
-7.734984,110.344536,,,
-7.734998,110.34462,,,
-7.735011,110.344696,,,
-7.735019,110.344742,,,
-7.735031,110.34481,,,
-7.735041,110.344864,,,
-7.735053,110.344925,,,
-7.735062,110.344971,,,
-7.735073,110.345024,,,
-7.735085,110.345085,,,
-7.735097,110.345146,,,
-7.735112,110.345222,,,
-7.735128,110.345306,,,
-7.735152,110.345421,,,
-7.735195,110.345512,,,
-7.73524,110.345589,,,
-7.735286,110.345673,,,
-7.735335,110.345757,,,
-7.735367,110.34581,,,
-7.735403,110.345871,,,
-7.735445,110.34594,,,
-7.735483,110.346008,,,
-7.735522,110.346077,,,
-7.735558,110.34613,,,
-7.735593,110.346191,,,
-7.735631,110.34626,,,
-7.735671,110.346321,,,
-7.735703,110.346375,,,
-7.735747,110.346451,,,
-7.735786,110.346512,,,
-7.735836,110.346596,,,
-7.735869,110.346649,,,
-7.735922,110.346741,,,
-7.73597,110.346817,,,
-7.736011,110.346886,,,
-7.736059,110.346962,,,
-7.736104,110.347046,,,
-7.736154,110.34713,,,
-7.736205,110.347221,,,
-7.736254,110.347313,,,
-7.736296,110.347389,,,
-7.736325,110.347435,,,
-7.736383,110.347519,,,
-7.736443,110.347603,,,
-7.736483,110.347672,,,
-7.736521,110.34774,,,
-7.736575,110.347832,,,
-7.736617,110.347908,,,
-7.736659,110.347977,,,
-7.736708,110.348061,,,
-7.736747,110.348122,,,
-7.736791,110.348198,,,
-7.736837,110.348282,,,
-7.736881,110.348358,,,
-7.736905,110.348412,,,
-7.736931,110.34848,,,
-7.736945,110.348534,,,
-7.736957,110.348618,,,
-7.736962,110.348686,,,
-7.736964,110.348755,,,
-7.736966,110.348846,,,
-7.736964,110.348877,,,
-7.736943,110.348984,,,
-7.736928,110.349083,,,
-7.736919,110.349136,,,
-7.736907,110.34922,,,
-7.736895,110.349297,,,
-7.73689,110.349327,,,
-7.736882,110.349403,,,
-7.736875,110.349472,,,
-7.736866,110.349564,,,
-7.73686,110.349663,,,
-7.736854,110.349747,,,
-7.736847,110.349846,,,
-7.736842,110.349922,,,
-7.736862,110.350021,,,
-7.736883,110.350113,,,
-7.736942,110.35025,,,
-7.736978,110.350327,,,
-7.737023,110.350426,,,
-7.737059,110.350502,,,
-7.737103,110.350594,,,
-7.737139,110.350677,,,
-7.737178,110.350761,,,
-7.737206,110.350822,,,
-7.737243,110.350899,,,
-7.737273,110.350967,,,
-7.737305,110.351036,,,
-7.737346,110.35112,,,
-7.737378,110.351181,,,
-7.737404,110.351227,,,
-7.737444,110.351303,,,
-7.737472,110.351357,,,
-7.737503,110.351418,,,
-7.737517,110.35144,,,
-7.737535,110.351479,,,
-7.737546,110.351501,,,
-7.737558,110.351524,,,
-7.737568,110.35154,,,
-7.737579,110.351562,,,
-7.737589,110.351578,,,
-7.737599,110.351601,,,
-7.737617,110.351631,,,
-7.73763,110.351654,,,
-7.737641,110.351677,,,
-7.737741,110.351883,,,
-7.737766,110.351936,,,
-7.737792,110.35199,,,
-7.737813,110.352036,,,
-7.737832,110.352081,,,
-7.737861,110.352142,,,
-7.737879,110.35218,,,
-7.737909,110.352242,,,
-7.737941,110.352318,,,
-7.737969,110.352379,,,
-7.738008,110.35247,,,
-7.738044,110.352554,,,
-7.738081,110.352638,,,
-7.738118,110.352722,,,
-7.738155,110.352806,,,
-7.738192,110.352882,,,
-7.738228,110.352982,,,
-7.738254,110.353073,,,
-7.738274,110.353142,,,
-7.738303,110.353241,,,
-7.738332,110.35334,,,
-7.738364,110.353455,,,
-7.738389,110.353546,,,
-7.738418,110.353645,,,
-7.738438,110.353706,,,
-7.738467,110.353806,,,
-7.738494,110.353889,,,
-7.738518,110.353973,,,
-7.738545,110.354065,,,
-7.738569,110.354141,,,
-7.738586,110.354195,,,
-7.738629,110.354309,,,
-7.738665,110.354408,,,
-7.738697,110.354492,,,
-7.738735,110.354591,,,
-7.738769,110.354675,,,
-7.738806,110.354752,,,
-7.738845,110.354843,,,
-7.738889,110.354935,,,
-7.738935,110.355042,,,
-7.738975,110.355125,,,
-7.739028,110.355232,,,
-7.739085,110.355331,,,
-7.73915,110.355415,,,
-7.739208,110.355499,,,
-7.739279,110.355598,,,
-7.739371,110.355721,,,
-7.739398,110.355759,,,
-7.739444,110.35582,,,
-7.739487,110.355873,,,
-7.739543,110.356003,,,
-7.739584,110.356102,,,
-7.739614,110.356178,,,
-7.739657,110.356277,,,
-7.739688,110.356354,,,
-7.739726,110.356445,,,
-7.739774,110.356567,,,
-7.739816,110.356667,,,
-7.739853,110.356758,,,
-7.739894,110.356857,,,
-7.739944,110.356979,,,
-7.739992,110.357094,,,
-7.740036,110.357201,,,
-7.740073,110.357292,,,
-7.740113,110.357391,,,
-7.740142,110.357468,,,
-7.740183,110.357582,,,
-7.740217,110.357704,,,
-7.740248,110.357826,,,
-7.740258,110.357887,,,
-7.74028,110.358017,,,
-7.740297,110.358139,,,
-7.740309,110.358238,,,
-7.74032,110.358322,,,
-7.740332,110.358414,,,
-7.740345,110.358521,,,
-7.740363,110.358658,,,
-7.740376,110.358757,,,
-7.740393,110.358894,,,
-7.740406,110.359009,,,
-7.740418,110.359123,,,
-7.740425,110.359184,,,
-7.740444,110.359344,,,
-7.740455,110.359436,,,
-7.74047,110.359558,,,
-7.740483,110.359665,,,
-7.740501,110.359802,,,
-7.740512,110.359886,,,
-7.740527,110.359985,,,
-7.74054,110.360085,,,
-7.740553,110.360176,,,
-7.740567,110.360268,,,
-7.740581,110.360359,,,
-7.740597,110.360466,,,
-7.740609,110.360542,,,
-7.74062,110.360603,,,
-7.740628,110.360657,,,
-7.740633,110.36068,,,
-7.740642,110.360733,,,
-7.740647,110.360764,,,
-7.740651,110.360786,,,
-7.740591,110.360817,,,
-7.740602,110.360863,,,
-7.740613,110.360886,,,
-7.740616,110.360924,,,
-7.740626,110.360954,,,
-7.740637,110.360992,,,
-7.740664,110.361061,,,
-7.740675,110.361122,,,
-7.740684,110.361176,,,
-7.740694,110.361237,,,
-7.740711,110.361305,,,
-7.740748,110.361313,,,
-7.740782,110.361511,,,
-7.740793,110.361572,,,
-7.740808,110.361656,,,
-7.740816,110.361702,,,
-7.740834,110.361908,,,
-7.740837,110.361946,,,
-7.74085,110.362122,,,
-7.740852,110.362152,,,
-7.740854,110.362206,,,
-7.740856,110.362236,,,
-7.740857,110.362282,,,
-7.740859,110.362328,,,
-7.74086,110.362366,,,
-7.74086,110.362381,,,
-7.740862,110.362427,,,
-7.740863,110.362442,,,
-7.740864,110.362465,,,
-7.740864,110.362488,,,
-7.740709,110.362656,,,
-7.740679,110.362656,,,
-7.740637,110.362656,,,
-7.740522,110.362671,,,
-7.740467,110.362671,,,
-7.740407,110.362679,,,
-7.740342,110.362686,,,
-7.740279,110.362686,,,
-7.740199,110.362694,,,
-7.740089,110.362701,,,
-7.740007,110.362701,,,
-7.739896,110.362709,,,
-7.739806,110.362717,,,
-7.739694,110.362717,,,
-7.739623,110.36274,,,
-7.739522,110.362762,,,
-7.739453,110.362778,,,
-7.739439,110.362801,,,
-7.739272,110.362839,,,
-7.739238,110.362839,,,
-7.739253,110.362854,,,
-7.739277,110.362869,,,
-7.739238,110.362808,,,
-7.739314,110.362823,,,
-7.739407,110.362839,,,
-7.739482,110.362854,,,
-7.739589,110.362869,,,
-7.739669,110.362877,,,
-7.739772,110.362885,,,
-7.739872,110.362892,,,
-7.739972,110.362892,,,
-7.740089,110.362869,,,
-7.740196,110.362854,,,
-7.740287,110.362839,,,
-7.740359,110.362831,,,
-7.740439,110.362816,,,
-7.740499,110.362816,,,
-7.740572,110.362816,,,
-7.740758,110.362801,,,
-7.740788,110.362808,,,
-7.740813,110.362823,,,
-7.740873,110.362762,,,
-7.74088,110.362915,,,
-7.740882,110.362976,,,
-7.740885,110.363014,,,
-7.740888,110.363083,,,
-7.74089,110.363129,,,
-7.740893,110.363197,,,
-7.740894,110.363228,,,
-7.740899,110.363312,,,
-7.740902,110.363403,,,
-7.740907,110.363503,,,
-7.74091,110.363548,,,
-7.740905,110.363724,,,
-7.740882,110.363831,,,
-7.740845,110.363922,,,
-7.740794,110.364006,,,
-7.740732,110.364105,,,
-7.740691,110.364166,,,
-7.740621,110.364258,,,
-7.74056,110.364326,,,
-7.740499,110.364395,,,
-7.740437,110.364456,,,
-7.740383,110.364502,,,
-7.740302,110.364563,,,
-7.740163,110.364655,,,
-7.740097,110.364693,,,
-7.739997,110.364761,,,
-7.739917,110.364807,,,
-7.739838,110.364861,,,
-7.739769,110.364906,,,
-7.739693,110.364952,,,
-7.739624,110.364998,,,
-7.739552,110.365036,,,
-7.739478,110.365089,,,
-7.739348,110.365173,,,
-7.739285,110.365211,,,
-7.739202,110.365265,,,
-7.739119,110.365318,,,
-7.739018,110.365379,,,
-7.738935,110.365433,,,
-7.738872,110.365479,,,
-7.738781,110.36554,,,
-7.738692,110.365601,,,
-7.738597,110.365662,,,
-7.738509,110.365723,,,
-7.738418,110.365784,,,
-7.738331,110.365845,,,
-7.738249,110.365898,,,
-7.738192,110.365936,,,
-7.738076,110.366013,,,
-7.737999,110.366066,,,
-7.737858,110.366158,,,
-7.737755,110.366226,,,
-7.737653,110.366287,,,
-7.737596,110.366325,,,
-7.737512,110.366379,,,
-7.737413,110.36644,,,
-7.737321,110.366501,,,
-7.737216,110.36657,,,
-7.73713,110.366623,,,
-7.737032,110.366692,,,
-7.736957,110.366737,,,
-7.736875,110.366791,,,
-7.736787,110.366852,,,
-7.736688,110.36692,,,
-7.736599,110.366982,,,
-7.736515,110.367035,,,
-7.736429,110.367088,,,
-7.736362,110.367134,,,
-7.736328,110.367157,,,
-7.736223,110.367226,,,
-7.736149,110.367271,,,
-7.736063,110.367325,,,
-7.735999,110.367363,,,
-7.735909,110.367424,,,
-7.735849,110.36747,,,
-7.735795,110.367508,,,
-7.735738,110.367546,,,
-7.735712,110.367561,,,
-7.735796,110.367737,,,
-7.735891,110.367928,,,
-7.735933,110.368019,,,
-7.735975,110.368111,,,
-7.736012,110.368187,,,
-7.736052,110.368271,,,
-7.736091,110.368355,,,
-7.736139,110.368454,,,
-7.736189,110.368561,,,
-7.736244,110.368668,,,
-7.736294,110.368759,,,
-7.736347,110.368858,,,
-7.736402,110.368958,,,
-7.736457,110.369064,,,
-7.736507,110.369164,,,
-7.736554,110.369255,,,
-7.736578,110.369308,,,
-7.736617,110.369415,,,
-7.736643,110.369522,,,
-7.736664,110.369606,,,
-7.736678,110.369659,,,
-7.736703,110.369804,,,
-7.736712,110.369865,,,
-7.736728,110.369995,,,
-7.736736,110.370064,,,
-7.73675,110.370186,,,
-7.73676,110.370285,,,
-7.736772,110.370392,,,
-7.736783,110.370491,,,
-7.736794,110.370598,,,
-7.736804,110.370697,,,
-7.736813,110.370796,,,
-7.736818,110.37085,,,
-7.736824,110.370888,,,
-7.736839,110.370979,,,
-7.736854,110.371048,,,
-7.736894,110.37117,,,
-7.736939,110.371269,,,
-7.736994,110.371368,,,
-7.737072,110.371483,,,
-7.737081,110.371498,,,
-7.736916,110.371658,,,
-7.736883,110.371689,,,
-7.736826,110.371742,,,
-7.736779,110.371788,,,
-7.736743,110.371834,,,
-7.73673,110.371872,,,
-7.736727,110.371918,,,
-7.736764,110.372009,,,
-7.736789,110.372063,,,
-7.73682,110.372131,,,
-7.736852,110.372208,,,
-7.736879,110.372269,,,
-7.736911,110.372345,,,
-7.736938,110.372406,,,
-7.736963,110.372467,,,
-7.736989,110.372543,,,
-7.737017,110.37262,,,
-7.737041,110.372704,,,
-7.73705,110.372734,,,
-7.73707,110.372818,,,
-7.737086,110.37291,,,
-7.737096,110.372986,,,
-7.737111,110.373093,,,
-7.737121,110.373161,,,
-7.737134,110.37326,,,
-7.737144,110.373322,,,
-7.737163,110.373413,,,
-7.737188,110.37352,,,
-7.737208,110.373604,,,
-7.737225,110.373672,,,
-7.737241,110.373741,,,
-7.737257,110.373817,,,
-7.737284,110.373978,,,
-7.737252,110.374039,,,
-7.737196,110.374077,,,
-7.737144,110.374115,,,
-7.737082,110.374146,,,
-7.737012,110.374184,,,
-7.73694,110.374229,,,
-7.736866,110.374268,,,
-7.736783,110.374313,,,
-7.736526,110.374451,,,
-7.736446,110.374496,,,
-7.736377,110.374542,,,
-7.736324,110.374573,,,
-7.736306,110.374588,,,
-7.736341,110.374748,,,
-7.736369,110.374809,,,
-7.736393,110.374863,,,
-7.736419,110.374924,,,
-7.736449,110.374992,,,
-7.736514,110.375137,,,
-7.736545,110.375206,,,
-7.736577,110.375282,,,
-7.736609,110.375351,,,
-7.736647,110.375435,,,
-7.736688,110.375519,,,
-7.736703,110.375549,,,
-7.736762,110.375694,,,
-7.736803,110.375793,,,
-7.736839,110.375877,,,
-7.736877,110.375977,,,
-7.736916,110.376068,,,
-7.73695,110.376152,,,
-7.736983,110.376228,,,
-7.737008,110.376289,,,
-7.737022,110.37632,,,
-7.737036,110.376358,,,
-7.73705,110.376396,,,
-7.737059,110.376411,,,
-7.737071,110.376442,,,
-7.737104,110.376526,,,
-7.737092,110.376495,,,
-7.737099,110.376511,,,
-7.737107,110.376534,,,
-7.73694,110.376633,,,
-7.736888,110.376656,,,
-7.736835,110.376686,,,
-7.736786,110.376701,,,
-7.736747,110.376717,,,
-7.736712,110.376724,,,
-7.736673,110.37674,,,
-7.736642,110.376755,,,
-7.73661,110.376762,,,
-7.736568,110.376785,,,
-7.736392,110.376846,,,
-7.736327,110.376862,,,
-7.736269,110.376884,,,
-7.736202,110.376907,,,
-7.736135,110.376923,,,
-7.736046,110.376953,,,
-7.735955,110.376999,,,
-7.735857,110.377022,,,
-7.735755,110.377083,,,
-7.735667,110.377136,,,
-7.735573,110.377174,,,
-7.735487,110.377213,,,
-7.735392,110.377243,,,
-7.735295,110.377274,,,
-7.735185,110.377327,,,
-7.735074,110.37738,,,
-7.734968,110.377419,,,
-7.734869,110.377457,,,
-7.73477,110.377495,,,
-7.73466,110.377533,,,
-7.734556,110.377571,,,
-7.734469,110.377609,,,
-7.734399,110.377632,,,
-7.734337,110.377647,,,
-7.734291,110.37767,,,
-7.73423,110.377686,,,
-7.734181,110.377701,,,
-7.734133,110.377708,,,
-7.734063,110.377739,,,
-7.734006,110.377762,,,
-7.733955,110.377792,,,
-7.733899,110.377808,,,
-7.73385,110.377831,,,
-7.733792,110.377838,,,
-7.733728,110.377861,,,
-7.73366,110.377899,,,
-7.733598,110.377922,,,
-7.733548,110.377945,,,
-7.733479,110.377968,,,
-7.7334,110.378006,,,
-7.73333,110.378029,,,
-7.73326,110.378059,,,
-7.73319,110.378082,,,
-7.733099,110.37812,,,
-7.732996,110.378159,,,
-7.732892,110.378204,,,
-7.732798,110.378235,,,
-7.73268,110.378281,,,
-7.73258,110.378319,,,
-7.732487,110.378357,,,
-7.732442,110.378372,,,
-7.732326,110.378418,,,
-7.732262,110.378448,,,
-7.732189,110.378471,,,
-7.732107,110.378502,,,
-7.732025,110.378532,,,
-7.73194,110.378571,,,
-7.731867,110.378593,,,
-7.731809,110.378616,,,
-7.731756,110.378639,,,
-7.731705,110.378654,,,
-7.731643,110.37867,,,
-7.731588,110.378685,,,
-7.731535,110.3787,,,
-7.731504,110.378716,,,
-7.731462,110.378731,,,
-7.731411,110.378738,,,
-7.731362,110.378754,,,
-7.731319,110.378784,,,
-7.731274,110.378815,,,
-7.731238,110.37883,,,
-7.731265,110.378822,,,
-7.73124,110.37883,,,
-7.731204,110.378845,,,
-7.731177,110.378853,,,
-7.731116,110.378876,,,
-7.731036,110.378906,,,
-7.730974,110.378929,,,
-7.730906,110.37896,,,
-7.730818,110.37899,,,
-7.730721,110.379005,,,
-7.730643,110.379028,,,
-7.730578,110.379066,,,
-7.730497,110.379082,,,
-7.730422,110.379128,,,
-7.73038,110.379166,,,
-7.730349,110.379173,,,
-7.730307,110.379189,,,
-7.730261,110.379349,,,
-7.730267,110.379364,,,
-7.730275,110.379387,,,
-7.730285,110.379417,,,
-7.730296,110.379448,,,
-7.730304,110.379471,,,
-7.730314,110.379501,,,
-7.730326,110.379532,,,
-7.730338,110.37957,,,
-7.730351,110.379608,,,
-7.730378,110.379684,,,
-7.730401,110.379753,,,
-7.730423,110.379814,,,
-7.730448,110.379883,,,
-7.730467,110.379936,,,
-7.730487,110.379997,,,
-7.730496,110.38002,,,
-7.730513,110.380074,,,
-7.730531,110.380127,,,
-7.730549,110.380173,,,
-7.730566,110.380226,,,
-7.730582,110.380272,,,
-7.730603,110.380333,,,
-7.730633,110.380424,,,
-7.730673,110.380547,,,
-7.730706,110.380638,,,
-7.730734,110.380722,,,
-7.730771,110.380829,,,
-7.730789,110.380882,,,
-7.730814,110.380959,,,
-7.730836,110.38102,,,
-7.730853,110.381073,,,
-7.730873,110.381126,,,
-7.730882,110.381157,,,
-7.730917,110.381279,,,
-7.730933,110.38134,,,
-7.730952,110.381401,,,
-7.73097,110.38147,,,
-7.730987,110.381531,,,
-7.731004,110.381584,,,
-7.731022,110.381653,,,
-7.731049,110.381744,,,
-7.731058,110.381775,,,
-7.73109,110.381897,,,
-7.731096,110.38192,,,
-7.731131,110.382095,,,
-7.731142,110.382156,,,
-7.731154,110.382225,,,
-7.731166,110.382278,,,
-7.731176,110.382332,,,
-7.731183,110.38237,,,
-7.731191,110.382408,,,
-7.731199,110.382446,,,
-7.731205,110.382477,,,
-7.731216,110.38253,,,
-7.731227,110.382591,,,
-7.731234,110.382629,,,
-7.731239,110.382652,,,
-7.731249,110.382698,,,
-7.731256,110.382736,,,
-7.731263,110.382774,,,
-7.731275,110.382835,,,
-7.731286,110.382889,,,
-7.731296,110.382935,,,
-7.731304,110.38298,,,
-7.731315,110.383034,,,
-7.731328,110.383102,,,
-7.731341,110.383163,,,
-7.73135,110.383217,,,
-7.731359,110.383255,,,
-7.731371,110.383316,,,
-7.731382,110.383369,,,
-7.731393,110.383423,,,
-7.731399,110.383446,,,
-7.731411,110.383499,,,
-7.731427,110.383575,,,
-7.73146,110.383682,,,
-7.73149,110.383736,,,
-7.731634,110.383904,,,
-7.731687,110.383965,,,
-7.731734,110.384018,,,
-7.731774,110.384064,,,
-7.731814,110.384117,,,
-7.73185,110.384155,,,
-7.731883,110.384201,,,
-7.731913,110.384232,,,
-7.731945,110.38427,,,
-7.731973,110.384308,,,
-7.731997,110.384331,,,
-7.732017,110.384361,,,
-7.73205,110.384399,,,
-7.73209,110.384445,,,
-7.732127,110.384491,,,
-7.732173,110.384544,,,
-7.732186,110.38456,,,
-7.732158,110.384529,,,
-7.732307,110.384705,,,
-7.732362,110.384773,,,
-7.732418,110.384842,,,
-7.732477,110.384911,,,
-7.732533,110.384979,,,
-7.732588,110.38504,,,
-7.732636,110.385101,,,
-7.732685,110.385155,,,
-7.732724,110.385208,,,
-7.732759,110.385246,,,
-7.732803,110.3853,,,
-7.732851,110.385361,,,
-7.732871,110.385384,,,
-7.732902,110.385422,,,
-7.732921,110.385452,,,
-7.733015,110.385612,,,
-7.733043,110.385674,,,
-7.733074,110.385735,,,
-7.733108,110.385811,,,
-7.733142,110.385887,,,
-7.733191,110.386017,,,
-7.73322,110.386101,,,
-7.733247,110.386177,,,
-7.733267,110.386246,,,
-7.73329,110.386314,,,
-7.733316,110.386391,,,
-7.733349,110.386497,,,
-7.733362,110.386543,,,
-7.733394,110.386681,,,
-7.733415,110.386787,,,
-7.733432,110.386879,,,
-7.733448,110.386963,,,
-7.733455,110.387001,,,
-7.733475,110.387138,,,
-7.733486,110.387207,,,
-7.733499,110.387299,,,
-7.733511,110.387383,,,
-7.733523,110.387459,,,
-7.733536,110.387543,,,
-7.733547,110.387619,,,
-7.733562,110.387718,,,
-7.733584,110.387909,,,
-7.733598,110.388039,,,
-7.733609,110.38813,,,
-7.733622,110.388237,,,
-7.73363,110.388321,,,
-7.733639,110.388397,,,
-7.733647,110.388466,,,
-7.733651,110.388496,,,
-7.733654,110.388527,,,
-7.733656,110.38855,,,
-7.733659,110.388573,,,
-7.733663,110.388603,,,
-7.733672,110.388687,,,
-7.733683,110.388771,,,
-7.733691,110.388832,,,
-7.733702,110.388908,,,
-7.733712,110.388985,,,
-7.73372,110.389053,,,
-7.733732,110.389137,,,
-7.733744,110.389221,,,
-7.733754,110.389305,,,
-7.733764,110.389374,,,
-7.733774,110.38945,,,
-7.73378,110.389496,,,
-7.733786,110.389534,,,
-7.733791,110.38958,,,
-7.733796,110.38961,,,
-7.733801,110.389656,,,
-7.733805,110.389679,,,
-7.733813,110.38974,,,
-7.733821,110.389801,,,
-7.733832,110.389877,,,
-7.733835,110.389908,,,
-7.733843,110.389961,,,
-7.733851,110.39003,,,
-7.733862,110.390106,,,
-7.733888,110.390343,,,
-7.733899,110.390442,,,
-7.733909,110.390533,,,
-7.73392,110.390633,,,
-7.733926,110.390701,,,
-7.733942,110.390808,,,
-7.733952,110.390884,,,
-7.733962,110.390953,,,
-7.733973,110.391029,,,
-7.733984,110.391106,,,
-7.733993,110.391167,,,
-7.734003,110.391235,,,
-7.734006,110.391266,,,
-7.734026,110.391403,,,
-7.734042,110.39151,,,
-7.734057,110.391609,,,
-7.734069,110.391693,,,
-7.734081,110.391777,,,
-7.73409,110.391846,,,
-7.734102,110.39193,,,
-7.734113,110.391998,,,
-7.734121,110.392052,,,
-7.734137,110.392181,,,
-7.73414,110.39222,,,
-7.734146,110.392258,,,
-7.734151,110.392311,,,
-7.734159,110.39238,,,
-7.73416,110.392403,,,
-7.734161,110.39254,,,
-7.734156,110.392609,,,
-7.73415,110.39267,,,
-7.734141,110.392754,,,
-7.734137,110.392792,,,
-7.734157,110.392998,,,
-7.734164,110.393082,,,
-7.734172,110.393166,,,
-7.73418,110.393242,,,
-7.734186,110.393311,,,
-7.734199,110.393417,,,
-7.734211,110.393524,,,
-7.734222,110.393623,,,
-7.734231,110.3937,,,
-7.734243,110.393799,,,
-7.734253,110.393883,,,
-7.734265,110.39399,,,
-7.734276,110.394081,,,
-7.734295,110.394173,,,
-7.734307,110.394226,,,
-7.734322,110.394295,,,
-7.734334,110.394356,,,
-7.734343,110.394394,,,
-7.734349,110.394424,,,
-7.734354,110.394447,,,
-7.734357,110.394463,,,
-7.734363,110.394493,,,
-7.734368,110.394516,,,
-7.734376,110.394554,,,
-7.73438,110.394569,,,
-7.734386,110.3946,,,
-7.734394,110.394638,,,
-7.734399,110.394661,,,
-7.734406,110.394699,,,
-7.73444,110.394859,,,
-7.734456,110.394928,,,
-7.734471,110.395004,,,
-7.734486,110.395073,,,
-7.734496,110.395119,,,
-7.734501,110.395149,,,
-7.734495,110.395119,,,
-7.734489,110.395088,,,
-7.734501,110.395149,,,
-7.734506,110.395172,,,
-7.73451,110.395187,,,
-7.734516,110.395218,,,
-7.734521,110.395241,,,
-7.734654,110.395241,,,
-7.734694,110.395233,,,
-7.734731,110.39521,,,
-7.73487,110.395111,,,
-7.734928,110.395058,,,
-7.734982,110.395027,,,
-7.735039,110.394997,,,
-7.735087,110.394958,,,
-7.735162,110.394928,,,
-7.735231,110.39489,,,
-7.735288,110.394859,,,
-7.735365,110.394836,,,
-7.735454,110.394791,,,
-7.735506,110.394745,,,
-7.735574,110.394699,,,
-7.735629,110.394653,,,
-7.735698,110.394608,,,
-7.735737,110.394569,,,
-7.73585,110.394501,,,
-7.735912,110.39447,,,
-7.735975,110.394424,,,
-7.736033,110.394386,,,
-7.736087,110.394348,,,
-7.736166,110.394318,,,
-7.736224,110.394295,,,
-7.73628,110.394264,,,
-7.736322,110.394234,,,
-7.736369,110.394211,,,
-7.736419,110.39418,,,
-7.736465,110.394135,,,
-7.73652,110.394104,,,
-7.736582,110.394089,,,
-7.736651,110.394058,,,
-7.736691,110.39402,,,
-7.736723,110.394005,,,
-7.736779,110.393974,,,
-7.736832,110.393929,,,
-7.73689,110.393898,,,
-7.736959,110.393867,,,
-7.737002,110.393837,,,
-7.737063,110.393806,,,
-7.737138,110.393784,,,
-7.737173,110.393761,,,
-7.737232,110.393707,,,
-7.737295,110.393684,,,
-7.737341,110.393654,,,
-7.737392,110.393616,,,
-7.737424,110.393608,,,
-7.737452,110.3936,,,
-7.737605,110.393478,,,
-7.737611,110.393494,,,
-7.737737,110.393425,,,
-7.737809,110.393387,,,
-7.737861,110.393341,,,
-7.737904,110.393318,,,
-7.737965,110.393288,,,
-7.738013,110.393265,,,
-7.738069,110.393211,,,
-7.738116,110.393181,,,
-7.738167,110.39315,,,
-7.738219,110.39312,,,
-7.738265,110.393097,,,
-7.738304,110.393059,,,
-7.738348,110.393044,,,
-7.738401,110.393013,,,
-7.738464,110.392982,,,
-7.738501,110.392937,,,
-7.738572,110.392914,,,
-7.738641,110.392868,,,
-7.738703,110.39283,,,
-7.738761,110.392792,,,
-7.738815,110.392769,,,
-7.738862,110.392731,,,
-7.738918,110.392693,,,
-7.738977,110.392662,,,
-7.739025,110.392639,,,
-7.739067,110.392624,,,
-7.739105,110.392601,,,
-7.739141,110.392601,,,
-7.739131,110.392616,,,
-7.739107,110.392624,,,
-7.739309,110.392639,,,
-7.739329,110.392693,,,
-7.73935,110.392746,,,
-7.739375,110.392815,,,
-7.739395,110.392868,,,
-7.739423,110.392944,,,
-7.739449,110.393013,,,
-7.739471,110.393074,,,
-7.739497,110.393143,,,
-7.73952,110.393204,,,
-7.739545,110.393272,,,
-7.739569,110.393333,,,
-7.739594,110.393402,,,
-7.739626,110.393486,,,
-7.739652,110.393562,,,
-7.739679,110.393631,,,
-7.739709,110.393715,,,
-7.739734,110.393776,,,
-7.73976,110.393852,,,
-7.739787,110.393921,,,
-7.739817,110.393997,,,
-7.739852,110.394081,,,
-7.739885,110.394165,,,
-7.739915,110.394234,,,
-7.739944,110.39431,,,
-7.739981,110.394394,,,
-7.740013,110.394478,,,
-7.740038,110.394539,,,
-7.740067,110.394608,,,
-7.740029,110.394516,,,
-7.740118,110.394722,,,
-7.740142,110.394783,,,
-7.740172,110.394852,,,
-7.740197,110.394905,,,
-7.740229,110.394981,,,
-7.740262,110.395058,,,
-7.74029,110.395126,,,
-7.740314,110.39518,,,
-7.740338,110.395233,,,
-7.740354,110.395271,,,
-7.740412,110.395409,,,
-7.740438,110.395462,,,
-7.740471,110.395546,,,
-7.740492,110.395592,,,
-7.740568,110.395767,,,
-7.740605,110.395851,,,
-7.740642,110.395943,,,
-7.740676,110.396019,,,
-7.740684,110.396034,,,
-7.740737,110.396172,,,
-7.740765,110.39624,,,
-7.740792,110.396309,,,
-7.740819,110.396385,,,
-7.74085,110.396461,,,
-7.740878,110.396538,,,
-7.740907,110.396606,,,
-7.740944,110.396706,,,
-7.740976,110.39679,,,
-7.741013,110.396881,,,
-7.741052,110.39698,,,
-7.741086,110.397079,,,
-7.741107,110.397148,,,
-7.741139,110.397247,,,
-7.741174,110.397362,,,
-7.741201,110.397453,,,
-7.741226,110.397545,,,
-7.741245,110.397614,,,
-7.741265,110.397682,,,
-7.741288,110.397766,,,
-7.741312,110.397858,,,
-7.741333,110.397934,,,
-7.741347,110.397987,,,
-7.741364,110.398048,,,
-7.741387,110.398132,,,
-7.7414,110.398178,,,
-7.741406,110.398201,,,
-7.741414,110.398232,,,
-7.74142,110.398254,,,
-7.741426,110.39827,,,
-7.741431,110.398293,,,
-7.74158,110.398254,,,
-7.741607,110.398239,,,
-7.741645,110.398232,,,
-7.74168,110.398224,,,
-7.741713,110.398209,,,
-7.741744,110.398201,,,
-7.741765,110.398193,,,
-7.741917,110.398338,,,
-7.741972,110.398453,,,
-7.742005,110.398521,,,
-7.742041,110.39859,,,
-7.742088,110.398689,,,
-7.74213,110.398773,,,
-7.742173,110.398857,,,
-7.742215,110.398949,,,
-7.742261,110.39904,,,
-7.74231,110.399139,,,
-7.74235,110.399223,,,
-7.74238,110.399284,,,
-7.742414,110.399376,,,
-7.742446,110.39946,,,
-7.742478,110.399544,,,
-7.742503,110.399612,,,
-7.742552,110.399712,,,
-7.742582,110.39978,,,
-7.742623,110.399864,,,
-7.742655,110.399925,,,
-7.742683,110.399986,,,
-7.742709,110.40004,,,
-7.742737,110.400101,,,
-7.74276,110.400146,,,
-7.742779,110.400185,,,
-7.742775,110.40033,,,
-7.742774,110.400368,,,
-7.74277,110.400467,,,
-7.742767,110.400558,,,
-7.742765,110.40062,,,
-7.742763,110.400711,,,
-7.742818,110.400925,,,
-7.742829,110.400963,,,
-7.742878,110.401108,,,
-7.742907,110.401192,,,
-7.74293,110.40126,,,
-7.742956,110.401337,,,
-7.742976,110.401398,,,
-7.743006,110.401482,,,
-7.743052,110.401619,,,
-7.743122,110.401817,,,
-7.743053,110.402222,,,
-7.743125,110.402122,,,
-7.743165,110.401924,,,
-7.743214,110.401878,,,
-7.743265,110.401863,,,
-7.743329,110.40184,,,
-7.743409,110.401802,,,
-7.743592,110.401794,,,
-7.743642,110.401794,,,
-7.743704,110.401787,,,
-7.743737,110.401787,,,
-7.743811,110.401779,,,
-7.743849,110.401779,,,
-7.743912,110.401787,,,
-7.743968,110.401794,,,
-7.744002,110.401794,,,
-7.744043,110.401802,,,
-7.744086,110.401802,,,
-7.74413,110.40181,,,
-7.744174,110.401817,,,
-7.744217,110.401817,,,
-7.744244,110.401825,,,
-7.744268,110.401825,,,
-7.744283,110.40184,,,
-7.744265,110.401932,,,
-7.744262,110.402199,,,
-7.744199,110.402267,,,
-7.744204,110.402328,,,
-7.744229,110.402405,,,
-7.744239,110.402466,,,
-7.744309,110.402542,,,
-7.744324,110.402641,,,
-7.744341,110.402748,,,
-7.74436,110.402847,,,
-7.74438,110.402946,,,
-7.744401,110.403046,,,
-7.744423,110.403168,,,
-7.744439,110.403252,,,
-7.744454,110.403343,,,
-7.74447,110.403419,,,
-7.744483,110.403488,,,
-7.744499,110.403572,,,
-7.744515,110.403656,,,
-7.744534,110.403755,,,
-7.744547,110.403824,,,
-7.744563,110.4039,,,
-7.744569,110.403931,,,
-7.74459,110.404053,,,
-7.744602,110.404121,,,
-7.744619,110.404213,,,
-7.74464,110.404327,,,
-7.744661,110.404427,,,
-7.744675,110.404495,,,
-7.744705,110.40464,,,
-7.744724,110.404732,,,
-7.74474,110.404808,,,
-7.744761,110.404907,,,
-7.744783,110.405014,,,
-7.744802,110.405106,,,
-7.744823,110.405205,,,
-7.744844,110.405312,,,
-7.744872,110.405441,,,
-7.744888,110.405525,,,
-7.744913,110.40564,,,
-7.744932,110.405724,,,
-7.744948,110.405792,,,
-7.744961,110.405853,,,
-7.744974,110.405907,,,
-7.744991,110.405983,,,
-7.74501,110.406067,,,
-7.745034,110.406174,,,
-7.745052,110.406258,,,
-7.745073,110.406349,,,
-7.745091,110.406441,,,
-7.745111,110.40654,,,
-7.745131,110.406647,,,
-7.745144,110.406776,,,
-7.745147,110.406799,,,
-7.745143,110.406769,,,
-7.745326,110.406624,,,
-7.745277,110.406624,,,
-7.745328,110.406624,,,
-7.74538,110.406624,,,
-7.745436,110.406616,,,
-7.745477,110.406616,,,
-7.745664,110.406601,,,
-7.745778,110.406586,,,
-7.745903,110.40657,,,
-7.746036,110.406555,,,
-7.74614,110.40654,,,
-7.746226,110.406532,,,
-7.74632,110.406525,,,
-7.746415,110.406509,,,
-7.746509,110.406502,,,
-7.746576,110.406494,,,
-7.746644,110.406487,,,
-7.746719,110.406479,,,
-7.746774,110.406471,,,
-7.746931,110.406456,,,
-7.747006,110.406441,,,
-7.746958,110.406448,,,
-7.746905,110.406456,,,
-7.74673,110.406242,,,
-7.746725,110.406212,,,
-7.746715,110.406166,,,
-7.7467,110.406097,,,
-7.746699,110.40609,,,
-7.746683,110.405914,,,
-7.746676,110.405823,,,
-7.746667,110.405701,,,
-7.74666,110.405602,,,
-7.746653,110.405518,,,
-7.746645,110.405411,,,
-7.746639,110.405319,,,
-7.746632,110.405212,,,
-7.746627,110.405136,,,
-7.746618,110.405045,,,
-7.746613,110.404991,,,
-7.746598,110.404861,,,
-7.746588,110.40477,,,
-7.746578,110.404678,,,
-7.746572,110.404625,,,
-7.746565,110.404564,,,
-7.746559,110.404503,,,
-7.746551,110.404434,,,
-7.746544,110.404373,,,
-7.746537,110.404312,,,
-7.74652,110.404129,,,
-7.746513,110.404068,,,
-7.746508,110.404015,,,
-7.746503,110.403961,,,
-7.746503,110.403923,,,
-7.746698,110.403885,,,
-7.746771,110.40387,,,
-7.746874,110.403862,,,
-7.746971,110.403854,,,
-7.747074,110.403839,,,
-7.747168,110.403831,,,
-7.747249,110.403816,,,
-7.747344,110.403809,,,
-7.747415,110.403801,,,
-7.747495,110.403793,,,
-7.747556,110.403786,,,
-7.747622,110.403778,,,
-7.747684,110.40377,,,
-7.747737,110.403763,,,
-7.747921,110.403748,,,
-7.747982,110.403748,,,
-7.748028,110.40374,,,
-7.748052,110.403732,,,